Model,R2,RMSE
Full Model,0.9991493037092835,0.07118335501998821
Nightlights Only,0.9989907413825652,0.07753404052485774
Infrastructure Only,0.1951343600442268,2.1895399696399873
Nightlights + Distance,0.9991976108504192,0.06913273003361887
